62016CO0654,Right of establishment
62017CO0486,Approximation of laws
62017CO0486,public procurement in the European Union
62017CO0486,Freedom to provide services
62017CO0486,Right of establishment
62017CO0259,Free movement of capital
62017CO0259,Internal market - Principles
62017CO0259,Consumer protection
62017CO0259,Approximation of laws
62017CO0259,Right of establishment
62017CO0259,Principles; objectives and tasks of the Treaties
62016CO0655,Right of establishment
62017CO0166,Right of establishment
62017CO0166,Freedom to provide services
62017CO0187,Freedom to provide services
62017CO0187,Right of establishment
62017CO0187,Approximation of laws
62017CO0035,Freedom to provide services
62017CO0035,Right of establishment
62017CO0035,Approximation of laws
62016CO0110,Right of establishment
62016CO0110,Freedom to provide services
62016CO0595,Right of establishment
62016CO0595,Freedom to provide services
62016CO0595,Competition
62016CO0581,Freedom to provide services
62016CO0581,Right of establishment
62016CO0582,Right of establishment
62016CO0582,Freedom to provide services
62016CO0555,Right of establishment
62016CO0555,Freedom to provide services
62016CO0345,Right of establishment
62016CO0345,Free movement of workers
62015CO0697,Approximation of laws
62015CO0697,Freedom to provide services
62015CO0697,Right of establishment
62016CO0162,Approximation of laws
62016CO0162,Right of establishment
62016CO0162,Freedom to provide services
62016CO0140,Approximation of laws
62016CO0140,Freedom to provide services
62016CO0140,Right of establishment
62015CO0526,Charter of Fundamental Rights
62015CO0526,Fundamental rights
62015CO0526,Right of establishment
62015CO0526,Freedom to provide services
62016CO0010,Transport
62016CO0010,Right of establishment
62016CO0010,Freedom to provide services

62015CO0542,Right of establishment
62015CO0542,Freedom to provide services
62015CO0542,Approximation of laws
62015CO0438,Freedom to provide services
62015CO0438,Right of establishment
62016CO0141,Freedom of establishment
62016CO0141,Freedom to provide services
62016CO0141,Right of establishment
62015CO0214,Right of establishment
62015CO0214,Freedom to provide services
62015CO0214,Approximation of laws
62015CO0129,Right of establishment
62015CO0129,Freedom to provide services
62015CO0129,Approximation of laws
62015CO0634,Right of establishment
62015CO0692,Freedom to provide services
62015CO0692,Right of establishment
62015CO0504,Freedom to provide services
62015CO0504,Right of establishment
62014CO0437,Right of establishment
62014CO0437,Freedom to provide services
62016CO0008,Freedom to provide services
62016CO0008,Right of establishment
62014CO0435,Freedom to provide services
62014CO0435,Right of establishment
62014CO0474,Right of establishment
62014CO0474,Freedom to provide services
62014CO0433,Right of establishment
62014CO0433,Freedom to provide services
62014CO0534,Right of establishment
62014CO0534,Freedom to provide services
62014CO0436,Freedom to provide services
62014CO0436,Right of establishment
62014CO0434,Right of establishment
62014CO0434,Freedom to provide services
62014CO0467,Freedom to provide services
62014CO0467,Right of establishment
62014CO0210,Freedom to provide services
62014CO0210,Right of establishment
62014CO0462,Right of establishment
62014CO0462,Freedom to provide services
62015CO0065,Right of establishment
62015CO0065,Freedom to provide services

62015CO0151,Freedom to provide services
62015CO0151,Right of establishment
62015CO0151,Approximation of laws
62014CO0318,Transport
62014CO0318,Right of establishment
62014CO0203,Right of establishment
62014CO0203,Freedom to provide services
62014CO0203,Approximation of laws
62015CO0023,Principles; objectives and tasks of the Treaties
62015CO0023,Freedom to provide services
62015CO0023,Right of establishment
62015CO0023,Competition
62014CO0478,Right of establishment
62014CO0478,Freedom to provide services
62014CO0480,Freedom to provide services
62014CO0480,Right of establishment
62013CO0651,Right of establishment
62013CO0652,Right of establishment
62014CO0457,Right of establishment
62014CO0457,Freedom to provide services
62013CO0427,Freedom to provide services
62013CO0427,Right of establishment
62013CO0427,Approximation of laws
62014CO0107,Right of establishment
62014CO0107,Free movement of capital
62012CO0510,Right of establishment
62013CO0025,Telecommunications
62013CO0025,Right of establishment
62013CO0025,Freedom to provide services
62013CO0025,Approximation of laws
62013CO0355,Right of establishment
62013CO0355,Freedom to provide services
62013CO0355,Telecommunications
62013CO0355,Approximation of laws
62012CO0376,Approximation of laws
62012CO0376,Right of establishment
62012CO0376,Freedom to provide services
62012CO0376,Telecommunications
62011CO0564,Approximation of laws
62011CO0564,Freedom to provide services
62011CO0564,Right of establishment
62010CO0145,area of freedom; security and justice
62010CO0145,judicial cooperation in civil matters
62010CO0145,Right of establishment
62010CO0229,Approximation of laws
62010CO0229,Freedom to provide services
62010CO0229,Right of establishment
62010CO0252,Approximation of laws
62010CO0252,Procedural provisions
62010CO0252,Right of establishment
62010CO0252,Freedom to provide services
62011CO0502,Right of establishment
62011CO0502,Freedom to provide services
62011CO0502,Approximation of laws
62010CO0529,Right of establishment
62010CO0529,Principles; objectives and tasks of the Treaties
62010CO0529,Competition
62010CO0529,State aids
62010CO0529,Free movement of capital
62010CO0529,Taxation
62010CO0164,Freedom to provide services
62010CO0164,Right of establishment
62011CO0612,Freedom to provide services
62011CO0612,Right of establishment
62010CO0413,Right of establishment
62010CO0413,Freedom to provide services
62010CO0255,Right of establishment
62010CO0255,Freedom to provide services
62011CO0368,Right of establishment
62011CO0368,Freedom to provide services
62010CO0279,Right of establishment
62010CO0279,Freedom to provide services
62011CO0107,Freedom to provide services
62011CO0107,Right of establishment
62010CO0501,Freedom to provide services
62010CO0501,Right of establishment
62010CO0302,Copyright and related rights
62010CO0302,Approximation of laws
62010CO0302,Intellectual; industrial and commercial property
62010CO0302,Freedom to provide services
62010CO0302,Right of establishment
62008CO0315,Right of establishment
62009CO0217,Right of establishment
62009CO0492,Approximation of laws
62009CO0492,Telecommunications
62009CO0492,Freedom to provide services
62009CO0492,Right of establishment
62010CO0194,Right of establishment
62010CO0194,Approximation of laws
62010CO0199,Right of establishment
62010CO0199,Non-discrimination on grounds of nationality
62010CO0199,Taxation
62010CO0199,Free movement of capital
62010CO0199,anti-discrimination
62010CO0102,Right of establishment
62010CO0102,Approximation of laws
62010CO0102,Freedom to provide services
62008CO0563,Right of establishment
62009CO0298,Freedom to provide services
62009CO0298,Right of establishment
62008CO0114(01),Right of establishment
62008CO0114(01),Freedom to provide services
62008CO0114(01),Provisions governing the Institutions
62009CO0136,Intellectual; industrial and commercial property
62009CO0136,Approximation of laws
62009CO0136,Right of establishment
62009CO0136,Freedom to provide services
62009CO0136,DADV
62008CO0055,Right of establishment
62008CO0055,Freedom to provide services
62008CO0055,Free movement of capital
62008CO0497,Right of establishment
62008CO0497,Principles; objectives and tasks of the Treaties
62009CO0143,Consumer protection
62009CO0143,Approximation of laws
62009CO0143,Telecommunications
62009CO0143,Right of establishment
62009CO0143,Freedom to provide services
62007CO0439,Free movement of capital
62007CO0439,Taxation
62007CO0439,Approximation of laws
62007CO0439,Right of establishment
62007CO0557,Approximation of laws
62007CO0557,Intellectual; industrial and commercial property
62007CO0557,DADV
62007CO0557,Freedom to provide services
62007CO0557,Right of establishment
62008CO0364,Freedom to provide services
62008CO0364,Right of establishment
62008CO0364,Free movement of workers
62008CO0180,Free movement of workers
62008CO0180,Right of establishment
62008CO0180,Freedom to provide services
62007CO0386,Competition
62007CO0386,Free movement of workers
62007CO0386,Agreements; decisions and concerted practices
62007CO0386,Right of establishment
62007CO0323,Right of establishment
62007CO0323,Approximation of laws
62005CO0201,Freedom to provide services
62005CO0201,Free movement of capital
62005CO0201,Right of establishment
62005CO0201,Taxation
62007CO0229,Right of establishment
62007CO0012,State aids
62007CO0012,Competition
62007CO0012,Approximation of laws
62007CO0012,Freedom to provide services
62007CO0012,Right of establishment
62007CO0012,Agreements; decisions and concerted practices
62006CO0415,Right of establishment
62006CO0415,Free movement of capital
62007CO0072,Right of establishment
62006CO0191,Freedom to provide services
62006CO0191,Right of establishment
62005CO0397,Right of establishment
62005CO0397,Freedom to provide services
62005CO0395,Freedom to provide services
62005CO0395,Right of establishment
62005CO0466,Right of establishment
62005CO0466,Freedom to provide services
62004CO0291,Right of establishment
62003CO0023,Right of establishment
62004CO0447,Right of establishment
62004CO0447,Approximation of laws
62002CO0435,Right of establishment
62003CO0268,Right of establishment
62003CO0268,Free movement of capital
62003CO0085,Freedom to provide services
62003CO0085,Right of establishment
62002CO0035,Right of establishment
62002CO0035,Freedom to provide services
62002CO0035,Free movement of workers
62001CO0445,Agreements; decisions and concerted practices
62001CO0445,Right of establishment
62001CO0445,Competition
62001CO0445,Free movement of workers
62001CO0204,Right of establishment
62001CO0204,Non-discrimination on grounds of nationality
62001CO0204,Freedom to provide services
62001CO0204,Principles; objectives and tasks of the Treaties
62001CO0204,anti-discrimination
62001CO0204,Free movement of workers
62001CO0431,Right of establishment
62001CO0431,Taxation
62001CO0431,Free movement of workers
62000CO0358,Approximation of laws
62000CO0358,Right of establishment
62000CO0358,Freedom to provide services
62000CO0447,Right of establishment
62000CO0086,Right of establishment

61998CO0290,Free movement of capital
61998CO0290,Right of establishment

61996CO0354,Right of establishment
61994CO0095,Right of establishment
61992CO0424,Right of establishment
61992CO0424,Agreements; decisions and concerted practices
61992CO0424,Dominant position
61992CO0424,Freedom to provide services
61992CO0424,Concerted practices
61992CO0424,Competition
61992CO0424,State aids
61991CO0272(01),Freedom to provide services
61991CO0272(01),Free movement of goods
61991CO0272(01),Right of establishment
61991CO0272(01),Quantitative restrictions
61991CO0272(01),Measures having equivalent effect
61991CO0272(01),Approximation of laws
61991CO0272,Approximation of laws
61991CO0272,Measures having equivalent effect
61991CO0272,Quantitative restrictions
61991CO0272,Right of establishment
61991CO0272,Freedom to provide services
61991CO0272,Free movement of goods
61989CO0246,Agriculture and Fisheries
61989CO0246,Fisheries policy
61989CO0246,Right of establishment

