62007CJ0394,Brussels Convention of 27 September 1968
62007CJ0394,Brussels Convention of 27 September 1968 - Enforcement
62005CJ0292,Brussels Convention of 27 September 1968
62003CJ0004,Brussels Convention of 27 September 1968 - Jurisdiction
62003CJ0004,Brussels Convention of 27 September 1968
62003CJ0004,Intellectual; industrial and commercial property
62003CJ0004,Patents
62003CJ0539,Brussels Convention of 27 September 1968
62003CJ0539,Brussels Convention of 27 September 1968 - Jurisdiction
62004CJ0343,Brussels Convention of 27 September 1968 - Jurisdiction
62004CJ0343,Brussels Convention of 27 September 1968
62005CJ0003,Brussels Convention of 27 September 1968 - Enforcement
62005CJ0003,Brussels Convention of 27 September 1968
62003CJ0522,Non-discrimination on grounds of nationality
62003CJ0522,Brussels Convention of 27 September 1968
62003CJ0522,anti-discrimination
62003CJ0522,Brussels Convention of 27 September 1968 - Enforcement
62004CJ0073,Brussels Convention of 27 September 1968 - Jurisdiction
62004CJ0073,Brussels Convention of 27 September 1968
62003CJ0112,Brussels Convention of 27 September 1968
62003CJ0112,Brussels Convention of 27 September 1968 - Jurisdiction
62003CJ0104,Brussels Convention of 27 September 1968 - Jurisdiction
62003CJ0104,Brussels Convention of 27 September 1968
62002CJ0281,Brussels Convention of 27 September 1968
62002CJ0281,Brussels Convention of 27 September 1968 - Jurisdiction
62001CJ0464,Brussels Convention of 27 September 1968
62001CJ0464,Brussels Convention of 27 September 1968 - Jurisdiction
62002CJ0027,Brussels Convention of 27 September 1968
62002CJ0027,Brussels Convention of 27 September 1968 - Jurisdiction
62003CJ0148,Brussels Convention of 27 September 1968
62003CJ0148,Brussels Convention of 27 September 1968 - Jurisdiction
62002CJ0039,Brussels Convention of 27 September 1968
62002CJ0039,Brussels Convention of 27 September 1968 - Jurisdiction
62002CJ0039,Brussels Convention of 27 September 1968 - Enforcement
62002CJ0168,Brussels Convention of 27 September 1968
62002CJ0168,Brussels Convention of 27 September 1968 - Jurisdiction
62002CJ0159,Brussels Convention of 27 September 1968
62002CJ0265,Brussels Convention of 27 September 1968
62002CJ0265,Brussels Convention of 27 September 1968 - Jurisdiction
62002CJ0018,Brussels Convention of 27 September 1968 - Jurisdiction
62002CJ0018,Brussels Convention of 27 September 1968
62001CJ0433,Brussels Convention of 27 September 1968 - Jurisdiction
62001CJ0433,Brussels Convention of 27 September 1968
62002CJ0116,Brussels Convention of 27 September 1968 - Jurisdiction
62002CJ0116,Brussels Convention of 27 September 1968
62001CJ0266,Brussels Convention of 27 September 1968
62001CJ0266,Brussels Convention of 27 September 1968 - Jurisdiction
62001CJ0111,Brussels Convention of 27 September 1968
62001CJ0111,Brussels Convention of 27 September 1968 - Jurisdiction
62000CJ0437,Brussels Convention of 27 September 1968 - Jurisdiction
62000CJ0437,Brussels Convention of 27 September 1968
62000CJ0271,Brussels Convention of 27 September 1968 - Jurisdiction
62000CJ0271,Brussels Convention of 27 September 1968
62000CJ0167,Brussels Convention of 27 September 1968 - Jurisdiction
62000CJ0167,Brussels Convention of 27 September 1968
62000CJ0334,Brussels Convention of 27 September 1968
62000CJ0334,Brussels Convention of 27 September 1968 - Jurisdiction
62000CJ0096,Brussels Convention of 27 September 1968 - Jurisdiction
62000CJ0096,Brussels Convention of 27 September 1968
62000CJ0080,Brussels Convention of 27 September 1968 - Enforcement
62000CJ0080,Brussels Convention of 27 September 1968
62000CJ0037,Brussels Convention of 27 September 1968 - Jurisdiction
62000CJ0037,Brussels Convention of 27 September 1968
62000CJ0256,Brussels Convention of 27 September 1968 - Jurisdiction
62000CJ0256,Brussels Convention of 27 September 1968
61998CJ0387,Brussels Convention of 27 September 1968 - Jurisdiction
61998CJ0387,Brussels Convention of 27 September 1968
61998CJ0412,Brussels Convention of 27 September 1968 - Jurisdiction
61998CJ0412,Brussels Convention of 27 September 1968
61998CJ0038,Competition
61998CJ0038,Brussels Convention of 27 September 1968
61998CJ0038,Intellectual; industrial and commercial property
61998CJ0038,Free movement of goods
61998CJ0038,Brussels Convention of 27 September 1968 - Enforcement
61998CJ0007,Brussels Convention of 27 September 1968
61998CJ0007,Brussels Convention of 27 September 1968 - Jurisdiction
61998CJ0008,Brussels Convention of 27 September 1968
61998CJ0008,Brussels Convention of 27 September 1968 - Jurisdiction
61997CJ0440,Brussels Convention of 27 September 1968
61997CJ0440,Brussels Convention of 27 September 1968 - Jurisdiction
61997CJ0420,Brussels Convention of 27 September 1968
61997CJ0420,Brussels Convention of 27 September 1968 - Jurisdiction
61997CJ0260,Brussels Convention of 27 September 1968 - Enforcement
61997CJ0260,Brussels Convention of 27 September 1968
61996CJ0099,Brussels Convention of 27 September 1968 - Jurisdiction
61996CJ0099,Brussels Convention of 27 September 1968
61997CJ0267,Brussels Convention of 27 September 1968 - Enforcement
61997CJ0267,Brussels Convention of 27 September 1968
61997CJ0159,Brussels Convention of 27 September 1968
61997CJ0159,Brussels Convention of 27 September 1968 - Jurisdiction
61995CJ0391,Brussels Convention of 27 September 1968
61995CJ0391,Brussels Convention of 27 September 1968 - Jurisdiction
61997CJ0051,Brussels Convention of 27 September 1968 - Jurisdiction
61997CJ0051,Brussels Convention of 27 September 1968
61996CJ0351,Brussels Convention of 27 September 1968 - Jurisdiction
61996CJ0351,Brussels Convention of 27 September 1968
61995CJ0163,Brussels Convention of 27 September 1968 - Jurisdiction
61995CJ0163,Brussels Convention of 27 September 1968
61995CJ0269,Brussels Convention of 27 September 1968 - Jurisdiction
61995CJ0269,Brussels Convention of 27 September 1968
61995CJ0295,Brussels Convention of 27 September 1968
61995CJ0295,Brussels Convention of 27 September 1968 - Jurisdiction
61995CJ0220,Brussels Convention of 27 September 1968
61995CJ0220,Brussels Convention of 27 September 1968 - Jurisdiction
61995CJ0106,Brussels Convention of 27 September 1968 - Jurisdiction
61995CJ0106,Brussels Convention of 27 September 1968
61995CJ0383,Brussels Convention of 27 September 1968
61995CJ0383,Brussels Convention of 27 September 1968 - Jurisdiction
61995CJ0078,Brussels Convention of 27 September 1968
61995CJ0078,Brussels Convention of 27 September 1968 - Enforcement
61994CJ0275,Brussels Convention of 27 September 1968 - Enforcement
61994CJ0275,Brussels Convention of 27 September 1968
61993CJ0364,Brussels Convention of 27 September 1968
61993CJ0364,Brussels Convention of 27 September 1968 - Jurisdiction
61993CJ0432,Brussels Convention of 27 September 1968
61993CJ0432,Brussels Convention of 27 September 1968 - Enforcement
61993CJ0474,Brussels Convention of 27 September 1968
61993CJ0474,Brussels Convention of 27 September 1968 - Enforcement
61993CJ0341,Brussels Convention of 27 September 1968
61993CJ0341,Brussels Convention of 27 September 1968 - Jurisdiction
61993CJ0439,Brussels Convention of 27 September 1968
61993CJ0439,Brussels Convention of 27 September 1968 - Jurisdiction
61993CJ0346,Brussels Convention of 27 September 1968
61993CJ0346,Brussels Convention of 27 September 1968 - Jurisdiction
61993CJ0068,Brussels Convention of 27 September 1968
61993CJ0068,Brussels Convention of 27 September 1968 - Jurisdiction
61992CJ0406,Brussels Convention of 27 September 1968
61992CJ0406,Brussels Convention of 27 September 1968 - Jurisdiction
61993CJ0318,Brussels Convention of 27 September 1968
61993CJ0318,Brussels Convention of 27 September 1968 - Jurisdiction
61992CJ0288,Brussels Convention of 27 September 1968 - Jurisdiction
61992CJ0288,Brussels Convention of 27 September 1968
61993CJ0292,Brussels Convention of 27 September 1968 - Jurisdiction
61993CJ0292,Brussels Convention of 27 September 1968
61992CJ0414,Brussels Convention of 27 September 1968
61992CJ0414,Brussels Convention of 27 September 1968 - Enforcement
61992CJ0294,Brussels Convention of 27 September 1968
61992CJ0294,Brussels Convention of 27 September 1968 - Jurisdiction
61992CJ0398,Brussels Convention of 27 September 1968
61992CJ0129,Brussels Convention of 27 September 1968
61992CJ0129,Brussels Convention of 27 September 1968 - Jurisdiction
61992CJ0125,Brussels Convention of 27 September 1968
61992CJ0125,Brussels Convention of 27 September 1968 - Jurisdiction
61991CJ0172,Brussels Convention of 27 September 1968
61991CJ0172,Brussels Convention of 27 September 1968 - Enforcement
61991CJ0089,Brussels Convention of 27 September 1968
61991CJ0089,Brussels Convention of 27 September 1968 - Jurisdiction
61991CJ0123,Brussels Convention of 27 September 1968
61991CJ0123,Brussels Convention of 27 September 1968 - Enforcement
61991CJ0026,Brussels Convention of 27 September 1968 - Jurisdiction
61991CJ0026,Brussels Convention of 27 September 1968
61990CJ0261,Brussels Convention of 27 September 1968
61990CJ0261,Brussels Convention of 27 September 1968 - Jurisdiction
61989CJ0214,Brussels Convention of 27 September 1968 - Jurisdiction
61989CJ0214,Brussels Convention of 27 September 1968
61990CJ0280,Brussels Convention of 27 September 1968
61990CJ0280,Brussels Convention of 27 September 1968 - Jurisdiction
61990CJ0183,Brussels Convention of 27 September 1968 - Enforcement
61990CJ0183,Brussels Convention of 27 September 1968
61989CJ0190,Brussels Convention of 27 September 1968
61989CJ0190,Brussels Convention of 27 September 1968 - Jurisdiction
61989CJ0351,Brussels Convention of 27 September 1968 - Jurisdiction
61989CJ0351,Brussels Convention of 27 September 1968
61988CJ0305,Brussels Convention of 27 September 1968 - Enforcement
61988CJ0305,Brussels Convention of 27 September 1968
61988CJ0365,Brussels Convention of 27 September 1968
61988CJ0220,Brussels Convention of 27 September 1968 - Jurisdiction
61988CJ0220,Brussels Convention of 27 September 1968
61988CJ0115,Brussels Convention of 27 September 1968 - Jurisdiction
61988CJ0115,Brussels Convention of 27 September 1968
61988CJ0032,Brussels Convention of 27 September 1968
61988CJ0032,Brussels Convention of 27 September 1968 - Jurisdiction
61987CJ0189,Brussels Convention of 27 September 1968
61987CJ0189,Brussels Convention of 27 September 1968 - Jurisdiction
61987CJ0158,Brussels Convention of 27 September 1968
61987CJ0158,Brussels Convention of 27 September 1968 - Jurisdiction
61987CJ0009,Brussels Convention of 27 September 1968 - Jurisdiction
61987CJ0009,Brussels Convention of 27 September 1968
61986CJ0145,Brussels Convention of 27 September 1968
61986CJ0145,Brussels Convention of 27 September 1968 - Enforcement
61986CJ0218,Brussels Convention of 27 September 1968
61986CJ0218,Brussels Convention of 27 September 1968 - Jurisdiction
61986CJ0144,Brussels Convention of 27 September 1968
61986CJ0144,Brussels Convention of 27 September 1968 - Jurisdiction
61985CJ0266,Brussels Convention of 27 September 1968 - Jurisdiction
61985CJ0266,Brussels Convention of 27 September 1968
61985CJ0313,Brussels Convention of 27 September 1968 - Jurisdiction
61985CJ0313,Brussels Convention of 27 September 1968
61985CJ0198,Brussels Convention of 27 September 1968
61985CJ0198,Brussels Convention of 27 September 1968 - Enforcement
61985CJ0022,Brussels Convention of 27 September 1968
61985CJ0022,Brussels Convention of 27 September 1968 - Jurisdiction
61984CJ0119,Brussels Convention of 27 September 1968
61984CJ0119,Brussels Convention of 27 September 1968 - Enforcement
61984CJ0221,Brussels Convention of 27 September 1968
61984CJ0221,Brussels Convention of 27 September 1968 - Jurisdiction
61984CJ0220,Brussels Convention of 27 September 1968
61984CJ0220,Brussels Convention of 27 September 1968 - Jurisdiction
61984CJ0148,Brussels Convention of 27 September 1968
61984CJ0148,Brussels Convention of 27 September 1968 - Enforcement
61984CJ0049,Brussels Convention of 27 September 1968
61984CJ0049,Brussels Convention of 27 September 1968 - Enforcement
61984CJ0048,Brussels Convention of 27 September 1968
61984CJ0048,Brussels Convention of 27 September 1968 - Jurisdiction
61983CJ0241,Brussels Convention of 27 September 1968 - Jurisdiction
61983CJ0241,Brussels Convention of 27 September 1968
61983CJ0258,Brussels Convention of 27 September 1968 - Enforcement
61983CJ0258,Brussels Convention of 27 September 1968
61983CJ0178,Brussels Convention of 27 September 1968 - Enforcement
61983CJ0178,Brussels Convention of 27 September 1968
61983CJ0071,Brussels Convention of 27 September 1968 - Jurisdiction
61983CJ0071,Brussels Convention of 27 September 1968
61983CJ0129,Brussels Convention of 27 September 1968
61983CJ0129,Brussels Convention of 27 September 1968 - Jurisdiction
61982CJ0288,Brussels Convention of 27 September 1968
61982CJ0288,Brussels Convention of 27 September 1968 - Jurisdiction
61982CJ0201,Brussels Convention of 27 September 1968
61982CJ0201,Brussels Convention of 27 September 1968 - Jurisdiction
61982CJ0034,Brussels Convention of 27 September 1968
61982CJ0034,Brussels Convention of 27 September 1968 - Jurisdiction
61981CJ0228,Brussels Convention of 27 September 1968 - Enforcement
61981CJ0228,Brussels Convention of 27 September 1968
61981CJ0133,Brussels Convention of 27 September 1968 - Jurisdiction
61981CJ0133,Brussels Convention of 27 September 1968
61981CJ0025,Brussels Convention of 27 September 1968 - Jurisdiction
61981CJ0025,Brussels Convention of 27 September 1968
61981CJ0038,Brussels Convention of 27 September 1968
61981CJ0038,Brussels Convention of 27 September 1968 - Jurisdiction
61981CJ0027,Brussels Convention of 27 September 1968
61981CJ0027,Brussels Convention of 27 September 1968 - Jurisdiction
61980CJ0150,Brussels Convention of 27 September 1968 - Jurisdiction
61980CJ0150,Brussels Convention of 27 September 1968
61980CJ0166,Brussels Convention of 27 September 1968 - Enforcement
61980CJ0166,Brussels Convention of 27 September 1968
61980CJ0157,Brussels Convention of 27 September 1968
61980CJ0139,Brussels Convention of 27 September 1968 - Jurisdiction
61980CJ0139,Brussels Convention of 27 September 1968
61979CJ0814,Brussels Convention of 27 September 1968
61979CJ0125,Brussels Convention of 27 September 1968
61979CJ0125,Brussels Convention of 27 September 1968 - Jurisdiction
61979CJ0125,Brussels Convention of 27 September 1968 - Enforcement
61979CJ0784,Brussels Convention of 27 September 1968 - Jurisdiction
61979CJ0784,Brussels Convention of 27 September 1968
61979CJ0120,Brussels Convention of 27 September 1968
61979CJ0120,Brussels Convention of 27 September 1968 - Enforcement
61979CJ0056,Brussels Convention of 27 September 1968
61979CJ0056,Brussels Convention of 27 September 1968 - Jurisdiction
61979CJ0025,Brussels Convention of 27 September 1968
61979CJ0025,Brussels Convention of 27 September 1968 - Jurisdiction
61978CJ0143,Brussels Convention of 27 September 1968
61978CJ0133,Brussels Convention of 27 September 1968 - Enforcement
61978CJ0133,Brussels Convention of 27 September 1968
61978CJ0033,Brussels Convention of 27 September 1968 - Jurisdiction
61978CJ0033,Brussels Convention of 27 September 1968
61978CJ0023,Brussels Convention of 27 September 1968 - Jurisdiction
61978CJ0023,Brussels Convention of 27 September 1968
61977CJ0150,Brussels Convention of 27 September 1968
61977CJ0150,Brussels Convention of 27 September 1968 - Jurisdiction
61977CJ0073,Brussels Convention of 27 September 1968
61977CJ0073,Brussels Convention of 27 September 1968 - Jurisdiction
61977CJ0043,Brussels Convention of 27 September 1968 - Enforcement
61977CJ0043,Brussels Convention of 27 September 1968
61977CJ0009,Brussels Convention of 27 September 1968 - Enforcement
61977CJ0009,Brussels Convention of 27 September 1968
61976CJ0025,Brussels Convention of 27 September 1968
61976CJ0025,Brussels Convention of 27 September 1968 - Jurisdiction
61976CJ0024,Brussels Convention of 27 September 1968
61976CJ0024,Brussels Convention of 27 September 1968 - Jurisdiction
61976CJ0021,Brussels Convention of 27 September 1968
61976CJ0021,Brussels Convention of 27 September 1968 - Jurisdiction
61976CJ0042,Brussels Convention of 27 September 1968
61976CJ0042,Brussels Convention of 27 September 1968 - Enforcement
61976CJ0029,Brussels Convention of 27 September 1968
61976CJ0029,Brussels Convention of 27 September 1968 - Enforcement
61976CJ0012,Brussels Convention of 27 September 1968
61976CJ0012,Accession
61976CJ0012,Brussels Convention of 27 September 1968 - Jurisdiction
61976CJ0014,Brussels Convention of 27 September 1968
61976CJ0014,Brussels Convention of 27 September 1968 - Jurisdiction
