62006CJ0167,Regional policy
62006CJ0167,Environment
61984CJ0101,Regional policy
61984CJ0101,Transport
61981CJ0106,Agriculture and Fisheries
61981CJ0106,Charges having an equivalent effect
61981CJ0106,Free movement of goods
61981CJ0106,Non-contractual liability
61981CJ0106,Sheepmeat and goatmeat
61981CJ0106,Regional policy
61981CJ0106,Customs Union
61969CJ0001,Agriculture and Fisheries
61969CJ0001,Transport
61969CJ0001,Regional policy
61969CJ0001,Fruit and vegetables
61966CJ0028,Regional policy
61966CJ0028,Transport
